Company,Website,Email,Phone,Priority,Website Score
Theory Coffee Roasters,https://theorycoffee.com,ecom-swiper@11.0.5.js,+1 530-395-0104,🔥 HOT,78
Hydrangea Coffee Roasters,https://hydrangea.coffee,hello@hydrangea.coffee,+1 360-279-3022,🔥 HOT,70
Sightglass Coffee,https://sightglasscoffee.com,hello@sightglasscoffee.com,+1 208-686-3040,🟡 WARM,68
Santa Cruz Coffee Roasting Co.,https://santacruzcoffee.com,orderdesk@santacruzcoffee.com,+1 831-685-0500,🟡 WARM,73
Graffeo,https://graffeo.com,coffee@graffeo.com,+1 415-986-2420,🟡 WARM,93
Equator Coffees,https://equatorcoffees.com,info@equatorcoffees.com,+1 204-878-6514,🟡 WARM,68
Angels' Cup,https://angelscup.com/blogs/blog/the-15-best-california-coffee-roasters,membersupport@angelscup.com,+1 360-279-3022,🟡 WARM,62
Verve Coffee Roasters,https://vervecoffee.com,donations@vervecoffee.com,+1 214-748-3647,🟡 WARM,83
Bird Rock Coffee Roasters,https://birdrockcoffee.com,info@birdrockcoffee.com,+1 360-279-3022,🟡 WARM,95
Flywheel Coffee Roasters,https://flywheelcoffee.com,agkillis@yahoo.com,+1 415-374-4551,🟡 WARM,63
DUNE COFFEE ROASTERS,https://dunecoffee.com,info@dunecoffee.com,+1 210-419-0426,🟡 WARM,75
Intelligentsia Coffee,https://intelligentsia.com,customersupport@intelligentsiacoffee.com,+1 214-748-3647,🟡 WARM,73
Stumptown Coffee,https://stumptowncoffee.com,info@stumptowncoffee.com,+1 214-748-3647,🟡 WARM,73
Steady State Roasting,https://steadystateroasting.com,email@example.com,+1 204-423-9120,🟡 WARM,58
main Cyrus Webtech,https://cyruswebtech.com/pages/shopify-website-design,heenasehgalpta@gmail.com,+1 214-722-3610,🟡 WARM,83
Top 100 Shopify Stores in usa(United States) 2025,https://sellercenter.io/top-shopify-stores-in-us,,+1 228-880-6520,⚪ LOW,55
The,https://shopifyspy.com/stores/niches/california,,,⚪ LOW,70
Shopify Community,https://community.shopify.com/t/legal-requirements-to-run-shopify-online-store-in-california/198968,,,⚪ LOW,65
